symbol,sign,prior,open,high,low,last,change,percentChange,totalVolume,marketCap,industryName,sectorName
EE,,0.61,0.62,0.64,0.61,0.62,0.01,1.639344262295082,13402800.0,1695800000.0,AGRO,AGRI
GFPT,,12.9,12.9,13.0,12.8,12.8,-0.1,-0.7751937984496124,2201202.0,16174290900.0,AGRO,AGRI
LEE,,2.36,2.36,2.4,2.36,2.4,0.04,1.694915254237288,70600.0,2176345392.36,AGRO,AGRI
MAX,"SP, NP, NC",0.01,,,,,,,,,AGRO,AGRI
NER,,6.35,6.35,6.45,6.3,6.35,0.0,0.0,7012573.0,11733464899.8,AGRO,AGRI
PPPM,"C, NP",0.13,0.13,0.13,0.12,0.12,-0.01,-7.6923076923076925,619500.0,1377231856.13,AGRO,AGRI
STA,,21.2,21.3,21.6,20.8,21.1,-0.1,-0.4716981132075472,6986609.0,32563199957.6,AGRO,AGRI
TEGH,,4.84,4.84,4.86,4.64,4.74,-0.1,-2.0661157024793386,29015156.0,5227200000.0,AGRO,AGRI
TFM,,9.8,9.85,10.0,9.8,9.9,0.1,1.0204081632653061,514356.0,4900000000.0,AGRO,AGRI
TRUBB,,1.89,1.9,1.9,1.87,1.88,-0.01,-0.5291005291005291,1242637.0,1545595931.25,AGRO,AGRI
TWPC,,5.15,5.15,5.2,5.15,5.2,0.05,0.970873786407767,53800.0,4534167789.5,AGRO,AGRI
UPOIC,,6.45,6.5,6.6,6.4,6.6,0.15,2.3255813953488373,40020.0,2090122500.0,AGRO,AGRI
UVAN,,7.75,7.75,7.8,7.7,7.75,0.0,0.0,218880.0,7285000000.0,AGRO,AGRI
VPO,,1.2,1.2,1.23,1.2,1.2,0.0,0.0,392710.0,1128000000.0,AGRO,AGRI
AAI,,6.9,6.85,7.0,6.85,6.9,0.0,0.0,6019393.0,14662500000.0,AGRO,FOOD
APURE,,4.96,4.96,5.1,4.94,5.1,0.14,2.8225806451612905,909901.0,4753055819.68,AGRO,FOOD
ASIAN,,13.4,13.4,13.8,13.3,13.7,0.3,2.2388059701492535,4391667.0,10908773290.6,AGRO,FOOD
BR,,2.92,2.94,2.94,2.9,2.94,0.02,0.684931506849315,445700.0,2667263949.36,AGRO,FOOD
BRR,XW,8.85,8.9,8.9,8.55,8.65,-0.2,-2.2598870056497176,5208323.0,7187083628.25,AGRO,FOOD
BTG,,33.5,33.5,34.0,33.25,34.0,0.5,1.492537313432836,1869727.0,64815800000.0,AGRO,FOOD
CBG,,96.75,96.75,97.5,96.75,96.75,0.0,0.0,2832077.0,96750000000.0,AGRO,FOOD
CFRESH,,2.42,2.44,2.44,2.38,2.38,-0.04,-1.6528925619834711,572583.0,2243580064.0,AGRO,FOOD
CH,,4.1,4.12,4.14,4.08,4.1,0.0,0.0,1911226.0,3280000000.0,AGRO,FOOD
CHOTI,,174.0,176.0,179.0,176.0,178.0,4.0,2.2988505747126435,1900.0,1305000000.0,AGRO,FOOD
CM,,2.62,2.64,2.64,2.58,2.58,-0.04,-1.5267175572519085,30026.0,998601799.5,AGRO,FOOD
CPF,,24.7,24.7,25.0,24.7,24.8,0.1,0.4048582995951417,29798564.0,212697686909.5,AGRO,FOOD
CPI,,2.98,3.0,3.04,2.98,3.0,0.02,0.6711409395973155,871142.0,1885602897.0,AGRO,FOOD
F&D,,32.75,,,,,,,,577196087.0,AGRO,FOOD
GLOCON,,0.67,0.67,0.67,0.65,0.67,0.0,0.0,8147500.0,2061189573.16,AGRO,FOOD
HTC,,27.75,28.0,28.0,27.75,28.0,0.25,0.9009009009009009,107618.0,5576653875.0,AGRO,FOOD
ICHI,,11.6,11.6,11.6,11.2,11.3,-0.3,-2.586206896551724,6458053.0,15080000000.0,AGRO,FOOD
ITC,,29.5,29.5,30.25,29.25,30.0,0.5,1.694915254237288,3614199.0,88500000000.0,AGRO,FOOD
JDF,,2.98,2.98,3.0,2.92,2.94,-0.04,-1.342281879194631,511600.0,1788000000.0,AGRO,FOOD
KBS,,5.1,5.05,5.15,5.0,5.05,-0.05,-0.9803921568627451,695503.0,3060000000.0,AGRO,FOOD
KSL,,3.7,3.7,3.72,3.68,3.7,0.0,0.0,829256.0,16317860690.3,AGRO,FOOD
KTIS,,3.8,3.8,4.0,3.68,4.0,0.2,5.2631578947368425,993425.0,14668000038.0,AGRO,FOOD
LST,,5.05,5.05,5.15,5.0,5.15,0.1,1.9801980198019802,524805.0,4141000000.0,AGRO,FOOD
M,,59.0,59.25,59.5,58.5,58.75,-0.25,-0.423728813559322,532816.0,54331807900.0,AGRO,FOOD
MALEE,,6.4,6.5,7.45,6.4,7.2,0.8,12.5,4779724.0,1766400000.0,AGRO,FOOD
MINT,,32.75,33.0,33.0,32.25,32.25,-0.5,-1.5267175572519085,17140382.0,172756735715.25,AGRO,FOOD
NRF,,6.55,6.6,6.7,6.45,6.55,0.0,0.0,3149144.0,9285634630.1,AGRO,FOOD
NSL,,22.6,22.7,22.7,22.0,22.6,0.0,0.0,998105.0,6780000000.0,AGRO,FOOD
OISHI,,46.5,47.0,47.0,46.5,46.5,0.0,0.0,1924.0,17437500000.0,AGRO,FOOD
OSP,,28.5,28.5,28.75,28.25,28.25,-0.25,-0.8771929824561403,5843425.0,85606875000.0,AGRO,FOOD
PB,,69.5,69.5,69.5,69.0,69.0,-0.5,-0.7194244604316546,2002.0,31275000000.0,AGRO,FOOD
PLUS,,8.45,8.5,8.55,8.35,8.4,-0.05,-0.591715976331361,2989208.0,5661500000.0,AGRO,FOOD
PM,,9.6,9.65,9.65,9.6,9.6,0.0,0.0,138182.0,5743154880.0,AGRO,FOOD
PRG,,11.6,11.6,11.7,11.6,11.7,0.1,0.8620689655172413,3300.0,7640905256.4,AGRO,FOOD
RBF,,12.8,12.8,12.9,12.8,12.9,0.1,0.78125,1710938.0,25600000000.0,AGRO,FOOD
SAPPE,,44.25,44.5,44.5,43.5,44.25,0.0,0.0,748406.0,13641791790.0,AGRO,FOOD
SAUCE,,29.0,29.0,29.0,28.75,29.0,0.0,0.0,14306.0,10440000000.0,AGRO,FOOD
SFP,,116.0,120.0,130.0,120.0,130.0,14.0,12.068965517241379,1616.0,2436000000.0,AGRO,FOOD
SNNP,,20.0,20.1,20.1,19.7,20.1,0.1,0.5,4653762.0,19200000000.0,AGRO,FOOD
SNP,,18.0,18.0,18.3,18.0,18.3,0.3,1.6666666666666667,37705.0,9223040376.0,AGRO,FOOD
SORKON,,6.0,6.1,6.1,5.8,5.8,-0.2,-3.3333333333333335,989101.0,1940400000.0,AGRO,FOOD
SSC,,32.25,32.0,35.0,32.0,35.0,2.75,8.527131782945736,25636.0,8575290609.0,AGRO,FOOD
SSF,,8.7,8.7,8.7,8.7,8.7,0.0,0.0,120.0,2348991300.0,AGRO,FOOD
SST,,6.5,6.45,7.0,6.4,6.75,0.25,3.8461538461538463,2014977.0,3421967575.0,AGRO,FOOD
SUN,,4.22,4.26,4.4,4.24,4.3,0.08,1.8957345971563981,1231073.0,2721889133.5,AGRO,FOOD
TC,,12.2,12.2,12.4,11.8,12.1,-0.1,-0.819672131147541,1239650.0,4026000000.0,AGRO,FOOD
TFG,,5.15,5.2,5.25,5.1,5.15,0.0,0.0,5557139.0,29118391417.9,AGRO,FOOD
TFMAMA,,203.0,201.0,202.0,201.0,202.0,-1.0,-0.49261083743842365,400.0,66929914842.0,AGRO,FOOD
TIPCO,,9.0,9.0,9.15,9.0,9.0,0.0,0.0,953713.0,4343216760.0,AGRO,FOOD
TKN,,11.3,11.4,12.0,11.3,11.6,0.3,2.6548672566371683,16008288.0,15594000000.0,AGRO,FOOD
TU,,16.9,16.9,16.9,16.7,16.9,0.0,0.0,12141313.0,80643681882.4,AGRO,FOOD
TVO,,28.5,28.5,29.0,28.5,28.5,0.0,0.0,712471.0,25349930568.0,AGRO,FOOD
W,C,1.9,1.91,2.02,1.9,1.98,0.08,4.2105263157894735,9111400.0,1546435441.0,AGRO,FOOD
ZEN,,17.2,17.5,17.5,17.1,17.3,0.1,0.5813953488372093,28802.0,5160000000.0,AGRO,FOOD
AFC,,9.15,9.1,9.3,9.1,9.25,0.1,1.092896174863388,1700.0,417004533.9,CONSUMP,FASHION
AURA,,17.1,17.3,17.8,17.2,17.5,0.4,2.3391812865497075,18282718.0,22811400000.0,CONSUMP,FASHION
BTNC,,13.5,13.6,16.1,13.6,16.1,2.6,19.25925925925926,13200.0,162000000.0,CONSUMP,FASHION
CPH,,31.0,31.25,32.0,30.75,30.75,-0.25,-0.8064516129032258,653328.0,1240000000.0,CONSUMP,FASHION
CPL,,2.22,2.2,2.24,2.18,2.18,-0.04,-1.8018018018018018,138400.0,976454310.48,CONSUMP,FASHION
NC,,11.5,11.5,11.5,11.4,11.4,-0.1,-0.8695652173913043,2700.0,171936500.0,CONSUMP,FASHION
PAF,,1.35,1.36,1.39,1.35,1.36,0.01,0.7407407407407407,125500.0,729000000.0,CONSUMP,FASHION
PDJ,,3.02,3.02,3.04,3.0,3.0,-0.02,-0.6622516556291391,394001.0,1627860350.12,CONSUMP,FASHION
PG,,7.6,7.6,7.65,7.5,7.65,0.05,0.6578947368421053,15200.0,729600000.0,CONSUMP,FASHION
SABINA,,23.4,23.4,23.4,23.2,23.3,-0.1,-0.42735042735042733,216092.0,8131500000.0,CONSUMP,FASHION
SAWANG,,13.5,14.6,17.0,13.4,13.4,-0.1,-0.7407407407407407,6514.0,324000000.0,CONSUMP,FASHION
SUC,,29.0,29.25,29.75,29.25,29.25,0.25,0.8620689655172413,39113.0,8700000000.0,CONSUMP,FASHION
TNL,,32.75,32.75,33.0,32.75,33.0,0.25,0.7633587786259542,2400.0,6953243086.5,CONSUMP,FASHION
TR,,48.0,47.5,48.0,47.5,48.0,0.0,0.0,3401.0,9676800000.0,CONSUMP,FASHION
TTI,,30.0,30.0,30.0,30.0,30.0,0.0,0.0,102.0,1500000000.0,CONSUMP,FASHION
TTT,,50.0,51.0,51.0,51.0,51.0,1.0,2.0,602.0,2892000000.0,CONSUMP,FASHION
UPF,,61.0,61.0,61.0,60.75,60.75,-0.25,-0.4098360655737705,405.0,457500000.0,CONSUMP,FASHION
WACOAL,,35.0,35.0,35.0,35.0,35.0,0.0,0.0,200.0,4200000000.0,CONSUMP,FASHION
WFX,,4.68,4.68,4.72,4.64,4.66,-0.02,-0.42735042735042733,559643.0,2172456000.0,CONSUMP,FASHION
AJA,,0.2,0.2,0.21,0.2,0.21,0.01,5.0,1681670.0,1062173681.2,CONSUMP,HOME
DTCI,,30.5,,,,,,,,305000000.0,CONSUMP,HOME
FANCY,,0.58,0.58,0.62,0.58,0.59,0.01,1.7241379310344827,366200.0,356700000.0,CONSUMP,HOME
FTI,,2.08,2.08,2.08,2.06,2.08,0.0,0.0,304300.0,936000000.0,CONSUMP,HOME
KYE,,323.0,323.0,325.0,323.0,323.0,0.0,0.0,901.0,6395400000.0,CONSUMP,HOME
L&E,,2.02,2.02,2.04,2.02,2.04,0.02,0.9900990099009901,122800.0,993920949.48,CONSUMP,HOME
MODERN,,3.4,3.4,3.4,3.38,3.38,-0.02,-0.5882352941176471,8800.0,2550000000.0,CONSUMP,HOME
OGC,,25.0,25.0,25.25,25.0,25.0,0.0,0.0,3700.0,533267875.0,CONSUMP,HOME
ROCK,,8.05,,,,,,,,161000000.0,CONSUMP,HOME
SIAM,,1.91,1.91,1.93,1.85,1.87,-0.04,-2.094240837696335,1323125.0,1132870371.59,CONSUMP,HOME
TCMC,,1.72,1.72,1.74,1.7,1.72,0.0,0.0,635959.0,1312705935.0,CONSUMP,HOME
TSR,,3.72,3.74,3.94,3.72,3.86,0.14,3.763440860215054,5298071.0,2043809786.76,CONSUMP,HOME
APCO,,5.05,5.1,5.15,5.0,5.0,-0.05,-0.9900990099009901,281101.0,3030000000.0,CONSUMP,PERSON
BIZ,,4.3,4.3,4.34,4.3,4.34,0.04,0.9302325581395349,81851.0,2583160452.7,CONSUMP,PERSON
DDD,,16.1,16.3,16.3,15.9,15.9,-0.2,-1.2422360248447204,142620.0,5117991970.0,CONSUMP,PERSON
JCT,,80.25,80.25,80.25,78.5,78.75,-1.5,-1.8691588785046729,3902.0,1083375000.0,CONSUMP,PERSON
KISS,,8.5,8.7,8.7,8.5,8.5,0.0,0.0,2809325.0,5100000000.0,CONSUMP,PERSON
NV,,2.6,2.66,2.66,2.56,2.56,-0.04,-1.5384615384615385,417995.0,1560000000.0,CONSUMP,PERSON
OCC,,10.0,,,,,,,,600000000.0,CONSUMP,PERSON
S&J,,31.75,31.75,31.75,31.75,31.75,0.0,0.0,2330.0,4760303789.0,CONSUMP,PERSON
STGT,,10.1,10.2,10.3,10.0,10.0,-0.1,-0.9900990099009901,9512575.0,28938317091.0,CONSUMP,PERSON
STHAI,"SP, NP, NC",0.01,,,,,,,,,CONSUMP,PERSON
TNR,,12.2,12.4,12.5,12.1,12.4,0.2,1.639344262295082,111000.0,3660000000.0,CONSUMP,PERSON
TOG,,9.6,9.6,9.6,9.3,9.6,0.0,0.0,544602.0,4553452800.0,CONSUMP,PERSON
BAY,,30.75,30.75,31.0,30.5,30.75,0.0,0.0,734023.0,226189674519.75,FINCIAL,BANK
BBL,,147.5,148.0,149.0,147.5,148.0,0.5,0.3389830508474576,10684214.0,281554326865.0,FINCIAL,BANK
CIMBT,,0.83,0.83,0.84,0.82,0.83,0.0,0.0,2381605.0,28902477250.84,FINCIAL,BANK
KBANK,,147.0,147.5,148.5,147.0,147.5,0.5,0.3401360544217687,12185892.0,348291156171.0,FINCIAL,BANK
KKP,,73.75,74.0,74.5,73.5,73.75,0.0,0.0,6208665.0,62447894288.75,FINCIAL,BANK
KTB,,17.8,17.8,17.9,17.7,17.7,-0.1,-0.5617977528089888,20567542.0,248773890250.0,FINCIAL,BANK
LHFG,,1.2,1.2,1.26,1.19,1.23,0.03,2.5,35441670.0,25420392712.8,FINCIAL,BANK
SCB,,106.5,106.5,107.5,106.5,107.0,0.5,0.4694835680751174,9658343.0,358596925959.0,FINCIAL,BANK
TCAP,,42.5,42.5,42.75,42.5,42.5,0.0,0.0,2336411.0,48690112122.5,FINCIAL,BANK
TISCO,,99.75,99.75,100.0,99.25,99.25,-0.5,-0.5012531328320802,4472602.0,79864400994.0,FINCIAL,BANK
TTB,,1.39,1.4,1.43,1.39,1.41,0.02,1.4388489208633093,662139434.0,134518742716.83,FINCIAL,BANK
AEONTS,,182.0,183.0,183.5,181.5,182.0,0.0,0.0,407749.0,45500000000.0,FINCIAL,FIN
AMANAH,,3.78,3.78,3.8,3.74,3.78,0.0,0.0,1488075.0,3916496646.72,FINCIAL,FIN
ASAP,,3.24,3.26,3.26,3.2,3.22,-0.02,-0.6172839506172839,379000.0,2352239909.28,FINCIAL,FIN
ASK,,35.5,35.5,36.0,35.5,35.5,0.0,0.0,490002.0,18738442830.0,FINCIAL,FIN
ASP,,2.96,2.98,2.98,2.96,2.98,0.02,0.6756756756756757,1971614.0,6232741890.24,FINCIAL,FIN
BAM,,15.9,15.9,16.0,15.8,15.8,-0.1,-0.6289308176100629,17505209.0,51389472570.0,FINCIAL,FIN
BYD,,13.1,13.1,13.3,13.1,13.3,0.2,1.5267175572519085,1814306.0,54924922754.5,FINCIAL,FIN
CGH,,0.67,0.67,0.68,0.66,0.67,0.0,0.0,1054515.0,2683715069.6,FINCIAL,FIN
CHAYO,,8.7,8.8,8.9,8.75,8.85,0.15,1.7241379310344827,2561169.0,9277594252.8,FINCIAL,FIN
ECL,,2.02,2.02,2.04,2.0,2.04,0.02,0.9900990099009901,34754000.0,2239895184.04,FINCIAL,FIN
FNS,,3.44,3.44,3.46,3.42,3.42,-0.02,-0.5813953488372093,1538501.0,1189742713.6,FINCIAL,FIN
FSS,,3.5,3.5,3.5,3.44,3.44,-0.06,-1.7142857142857142,112709.0,2034910587.5,FINCIAL,FIN
GBX,,0.89,0.92,0.92,0.87,0.87,-0.02,-2.247191011235955,389802.0,969277988.88,FINCIAL,FIN
GL,"SP, NP, NC",0.65,,,,,,,,,FINCIAL,FIN
HENG,,2.96,2.98,3.0,2.94,2.94,-0.02,-0.6756756756756757,3063342.0,11277600000.0,FINCIAL,FIN
IFS,,3.0,2.98,3.02,2.96,2.98,-0.02,-0.6666666666666666,532931.0,1480499925.0,FINCIAL,FIN
JMT,,68.25,68.25,70.0,68.25,69.0,0.75,1.098901098901099,5026867.0,99586912629.75,FINCIAL,FIN
KCAR,,8.7,8.75,8.8,8.55,8.65,-0.05,-0.5747126436781609,57721.0,2175000000.0,FINCIAL,FIN
KGI,,5.0,5.05,5.05,4.98,5.0,0.0,0.0,1518213.0,9958815650.0,FINCIAL,FIN
KTC,,59.5,59.5,59.5,58.75,59.0,-0.5,-0.8403361344537815,10662720.0,153410877165.0,FINCIAL,FIN
MFC,,23.0,23.1,23.1,22.9,22.9,-0.1,-0.43478260869565216,39604.0,2889161284.0,FINCIAL,FIN
MICRO,,4.34,4.34,4.34,4.28,4.3,-0.04,-0.9216589861751152,200003.0,4057900000.0,FINCIAL,FIN
ML,,1.1,1.12,1.13,1.11,1.12,0.02,1.8181818181818181,37400.0,1171276989.3,FINCIAL,FIN
MST,,11.3,11.3,11.3,11.2,11.3,0.0,0.0,33301.0,6450203850.0,FINCIAL,FIN
MTC,,38.5,38.75,38.75,37.75,38.0,-0.5,-1.2987012987012987,8316221.0,81620000000.0,FINCIAL,FIN
NCAP,,3.18,3.22,3.24,3.16,3.18,0.0,0.0,9432210.0,4293000000.0,FINCIAL,FIN
PL,,2.52,2.52,2.54,2.52,2.54,0.02,0.7936507936507936,104000.0,1503204759.0,FINCIAL,FIN
S11,,4.98,5.0,5.05,5.0,5.0,0.02,0.40160642570281124,57800.0,3052740000.0,FINCIAL,FIN
SAK,,6.1,6.1,6.15,6.05,6.1,0.0,0.0,537301.0,12785600000.0,FINCIAL,FIN
SAWAD,,49.5,49.5,49.75,48.5,48.75,-0.75,-1.5151515151515151,14269529.0,67971043453.5,FINCIAL,FIN
SCAP,,27.25,27.5,27.5,26.5,26.75,-0.5,-1.834862385321101,478163.0,35458987317.25,FINCIAL,FIN
SGC,,5.0,5.05,5.05,4.94,4.96,-0.04,-0.8,37036522.0,16350000000.0,FINCIAL,FIN
SM,,2.1,2.1,2.22,2.06,2.08,-0.02,-0.9523809523809523,76694708.0,2310000000.0,FINCIAL,FIN
TH,,2.56,2.58,2.64,2.56,2.6,0.04,1.5625,12349442.0,2525017400.32,FINCIAL,FIN
THANI,,4.16,4.18,4.18,4.12,4.16,0.0,0.0,8053299.0,23558197307.84,FINCIAL,FIN
TIDLOR,,29.75,29.75,30.0,29.5,29.5,-0.25,-0.8403361344537815,4493504.0,74295747874.25,FINCIAL,FIN
TK,,8.4,8.45,8.45,8.35,8.4,0.0,0.0,185040.0,4200000000.0,FINCIAL,FIN
TNITY,,7.05,7.1,7.1,7.0,7.0,-0.05,-0.7092198581560284,141702.0,1511554164.3,FINCIAL,FIN
UOBKH,,5.15,5.3,5.3,5.2,5.25,0.1,1.941747572815534,1100.0,2587610135.5,FINCIAL,FIN
XPG,,1.52,1.55,1.59,1.5,1.54,0.02,1.3157894736842106,139993549.0,14228762753.04,FINCIAL,FIN
AYUD,,41.5,41.5,42.0,41.5,41.75,0.25,0.6024096385542169,18801.0,16154577636.5,FINCIAL,INSUR
BKI,,278.0,280.0,280.0,279.0,279.0,1.0,0.3597122302158273,29605.0,29598660000.0,FINCIAL,INSUR
BLA,,29.0,29.0,29.25,28.25,28.75,-0.25,-0.8620689655172413,19148847.0,49519414000.0,FINCIAL,INSUR
BUI,,17.5,17.5,18.0,17.2,18.0,0.5,2.857142857142857,2700.0,524996325.0,FINCIAL,INSUR
CHARAN,,28.0,28.0,28.25,28.0,28.25,0.25,0.8928571428571429,3200.0,336000000.0,FINCIAL,INSUR
INSURE,,229.0,227.0,227.0,227.0,227.0,-2.0,-0.8733624454148472,170.0,2290000000.0,FINCIAL,INSUR
KWI,,2.84,2.82,2.88,2.76,2.82,-0.02,-0.704225352112676,4864527.0,5805902843.08,FINCIAL,INSUR
MTI,,123.5,123.5,124.0,122.5,123.5,0.0,0.0,15322.0,7286500000.0,FINCIAL,INSUR
NKI,,33.0,33.25,33.25,32.25,32.5,-0.5,-1.5151515151515151,1926.0,1188000000.0,FINCIAL,INSUR
NSI,,205.0,206.0,207.0,206.0,206.0,1.0,0.4878048780487805,17201.0,2849500000.0,FINCIAL,INSUR
SMK,"C, NP",4.36,4.4,4.4,4.3,4.32,-0.04,-0.9174311926605505,103857.0,872000000.0,FINCIAL,INSUR
TGH,,20.0,20.2,20.2,20.2,20.2,0.2,1.0,301.0,15041956640.0,FINCIAL,INSUR
THRE,,0.98,0.98,0.99,0.96,0.99,0.01,1.0204081632653061,1206307.0,4130693955.36,FINCIAL,INSUR
THREL,,4.22,4.22,4.26,4.22,4.26,0.04,0.9478672985781991,691000.0,2532000000.0,FINCIAL,INSUR
TIPH,,46.0,46.25,46.25,45.25,46.0,0.0,0.0,9630916.0,27337447456.0,FINCIAL,INSUR
TLI,,14.9,14.9,15.0,14.8,14.9,0.0,0.0,9677527.0,170605000000.0,FINCIAL,INSUR
TQM,,39.25,39.25,39.75,39.0,39.0,-0.25,-0.6369426751592356,590417.0,23550000000.0,FINCIAL,INSUR
TSI,C,0.28,0.28,0.28,0.26,0.26,-0.02,-7.142857142857143,185201.0,532815854.48,FINCIAL,INSUR
TVI,,12.0,11.9,12.1,11.8,12.0,0.0,0.0,72710.0,3636000000.0,FINCIAL,INSUR
3K-BAT,,63.0,,,,,,,1.0,4939200000.0,INDUS,AUTO
ACG,,1.54,1.54,1.55,1.51,1.51,-0.03,-1.948051948051948,29800.0,924000000.0,INDUS,AUTO
AH,,29.75,30.25,30.25,29.75,29.75,0.0,0.0,1513797.0,10556549857.0,INDUS,AUTO
CWT,,2.6,2.6,2.6,2.56,2.56,-0.04,-1.5384615384615385,691215.0,1638268132.8,INDUS,AUTO
EASON,,1.29,1.3,1.3,1.27,1.29,0.0,0.0,367501.0,731126779.05,INDUS,AUTO
GYT,,184.0,185.0,185.0,184.0,184.0,0.0,0.0,400.0,1361600000.0,INDUS,AUTO
HFT,,6.45,6.5,6.5,6.45,6.5,0.05,0.7751937984496124,27801.0,4246901235.0,INDUS,AUTO
IHL,,3.32,3.3,3.34,3.3,3.32,0.0,0.0,65102.0,1968114714.84,INDUS,AUTO
INGRS,,0.57,0.58,0.59,0.57,0.57,0.0,0.0,2283601.0,824757333.3,INDUS,AUTO
IRC,,14.2,14.2,14.3,14.2,14.2,0.0,0.0,4502.0,2840000000.0,INDUS,AUTO
PCSGH,,5.05,5.05,5.15,4.96,5.15,0.1,1.9801980198019802,145300.0,7701250000.0,INDUS,AUTO
POLY,,11.5,11.6,12.4,11.3,12.2,0.7,6.086956521739131,2870828.0,5175000000.0,INDUS,AUTO
SAT,,21.0,21.0,21.1,20.7,21.0,0.0,0.0,968020.0,8929071774.0,INDUS,AUTO
SPG,,16.8,16.8,16.8,16.8,16.8,0.0,0.0,129.0,5796000000.0,INDUS,AUTO
STANLY,,186.5,186.5,186.5,185.0,185.5,-1.0,-0.5361930294906166,35342.0,14290562500.0,INDUS,AUTO
TKT,,2.84,2.84,2.92,2.74,2.8,-0.04,-1.408450704225352,23580611.0,996215200.0,INDUS,AUTO
TNPC,,2.02,2.04,2.06,2.02,2.04,0.02,0.9900990099009901,233786.0,688444138.6,INDUS,AUTO
TRU,,6.6,6.6,6.6,6.4,6.45,-0.15,-2.272727272727273,460925.0,3986810487.0,INDUS,AUTO
TSC,,14.1,14.2,14.3,14.1,14.2,0.1,0.7092198581560284,14643.0,3663180000.0,INDUS,AUTO
ALLA,,1.4,1.39,1.41,1.39,1.4,0.0,0.0,117901.0,840000000.0,INDUS,IMM
ASEFA,,3.46,3.46,3.48,3.46,3.48,0.02,0.5780346820809249,267325.0,1903000000.0,INDUS,IMM
CPT,,0.77,0.77,0.79,0.76,0.79,0.02,2.5974025974025974,204700.0,693000000.0,INDUS,IMM
CRANE,,1.79,1.79,1.8,1.74,1.77,-0.02,-1.1173184357541899,4537400.0,1357156575.49,INDUS,IMM
CTW,,6.05,6.0,6.1,5.95,6.0,-0.05,-0.8264462809917356,470900.0,2407333018.2,INDUS,IMM
FMT,,32.0,31.5,31.5,31.5,31.5,-0.5,-1.5625,100.0,1536000000.0,INDUS,IMM
HTECH,,4.02,4.02,4.04,3.96,4.0,-0.02,-0.4975124378109453,393412.0,1206001366.8,INDUS,IMM
KKC,"C, NP",0.33,0.33,0.33,0.32,0.33,0.0,0.0,406200.0,495000000.0,INDUS,IMM
PK,,1.82,1.79,1.84,1.79,1.83,0.01,0.5494505494505495,73400.0,947776431.42,INDUS,IMM
SNC,,14.0,14.0,14.1,13.9,14.0,0.0,0.0,303939.0,5071084746.0,INDUS,IMM
STARK,,2.4,2.42,2.56,2.42,2.5,0.1,4.166666666666667,119688725.0,32175371894.4,INDUS,IMM
TCJ,,4.12,4.2,4.2,4.2,4.2,0.08,1.941747572815534,100.0,435056904.32,INDUS,IMM
TPCS,,19.8,19.9,20.3,19.9,20.1,0.3,1.5151515151515151,900.0,2138400000.0,INDUS,IMM
VARO,,7.9,7.95,8.05,7.65,7.75,-0.15,-1.8987341772151898,371100.0,789226771.7,INDUS,IMM
UTP,,16.4,16.4,16.5,16.3,16.5,0.1,0.6097560975609756,79138.0,10660000000.0,INDUS,PAPER
BCT,,60.0,59.75,60.0,59.75,60.0,0.0,0.0,1200.0,18000000000.0,INDUS,PETRO
CMAN,,1.98,1.99,2.0,1.98,2.0,0.02,1.0101010101010102,458300.0,1900800000.0,INDUS,PETRO
GC,,5.5,5.45,5.55,5.45,5.55,0.05,0.9090909090909091,35261.0,2419999252.0,INDUS,PETRO
GGC,,14.5,14.5,14.8,14.5,14.8,0.3,2.0689655172413794,72701.0,14843167150.0,INDUS,PETRO
GIFT,,7.4,7.55,7.55,7.3,7.35,-0.05,-0.6756756756756757,365213.0,2448006750.2,INDUS,PETRO
IVL,,40.75,40.75,41.25,40.75,40.75,0.0,0.0,13313221.0,228792990251.0,INDUS,PETRO
NFC,,5.4,5.4,5.45,5.2,5.2,-0.2,-3.7037037037037037,591396.0,5874298734.6,INDUS,PETRO
PATO,,10.5,10.5,10.5,10.4,10.4,-0.1,-0.9523809523809523,11704.0,1494906000.0,INDUS,PETRO
PMTA,,10.4,10.4,10.5,10.3,10.4,0.0,0.0,12310.0,1052480000.0,INDUS,PETRO
PTTGC,,47.5,47.25,47.75,47.0,47.25,-0.25,-0.5263157894736842,10612230.0,214170333057.5,INDUS,PETRO
SUTHA,,4.0,3.98,4.0,3.94,3.98,-0.02,-0.5,176116.0,1200000000.0,INDUS,PETRO
TCCC,,28.0,28.0,28.0,28.0,28.0,0.0,0.0,16002.0,16371993904.0,INDUS,PETRO
TPA,,6.0,6.1,6.1,6.1,6.1,0.1,1.6666666666666667,200.0,729000000.0,INDUS,PETRO
UAC,,4.68,4.72,4.78,4.72,4.78,0.1,2.1367521367521367,100106.0,3124397011.32,INDUS,PETRO
UP,,21.4,,,,,,,,535000000.0,INDUS,PETRO
AJ,,12.7,12.7,12.9,12.7,12.7,0.0,0.0,376999.0,5588000000.0,INDUS,PKG
ALUCON,,184.0,184.0,184.0,184.0,184.0,0.0,0.0,300.0,7948797424.0,INDUS,PKG
BGC,,10.0,10.0,10.1,9.95,10.0,0.0,0.0,337563.0,6944440000.0,INDUS,PKG
CSC,,48.25,48.25,48.25,48.0,48.25,0.0,0.0,20700.0,2509035801.5,INDUS,PKG
NEP,C,0.26,0.27,0.27,0.26,0.26,0.0,0.0,125340.0,604598952.88,INDUS,PKG
PTL,,25.0,25.0,25.25,24.8,25.25,0.25,1.0,564967.0,22500000000.0,INDUS,PKG
SCGP,,57.5,57.5,57.75,57.0,57.0,-0.5,-0.8695652173913043,6263273.0,246842911500.0,INDUS,PKG
SFLEX,,3.0,3.02,3.02,2.98,2.98,-0.02,-0.6666666666666666,565100.0,2460000000.0,INDUS,PKG
SITHAI,,1.61,1.62,1.64,1.58,1.59,-0.02,-1.2422360248447204,12343950.0,4362946728.0,INDUS,PKG
SLP,,0.62,0.61,0.62,0.61,0.61,-0.01,-1.6129032258064515,43700.0,744000000.0,INDUS,PKG
SMPC,,12.9,13.0,13.0,12.9,13.0,0.1,0.7751937984496124,192039.0,6908031695.7,INDUS,PKG
SPACK,,3.8,3.8,3.94,3.78,3.82,0.02,0.5263157894736842,6077211.0,1140000000.0,INDUS,PKG
TCOAT,,26.75,,,,,,,,280875000.0,INDUS,PKG
TFI,,0.15,0.15,0.16,0.14,0.14,-0.01,-6.666666666666667,1859104.0,2523933530.85,INDUS,PKG
THIP,,39.0,39.5,40.0,39.0,40.0,1.0,2.5641025641025643,58933.0,3509987754.0,INDUS,PKG
TMD,,24.8,24.8,26.0,24.8,26.0,1.2,4.838709677419355,92610.0,3720000000.0,INDUS,PKG
TOPP,,159.0,,,,,,,,954000000.0,INDUS,PKG
TPAC,,12.8,12.8,13.0,12.8,13.0,0.2,1.5625,26800.0,4179839987.2,INDUS,PKG
TPBI,,4.98,4.96,5.0,4.94,4.94,-0.04,-0.8032128514056225,271991.0,2076061902.0,INDUS,PKG
TPP,,19.7,20.3,20.4,19.7,20.4,0.7,3.553299492385787,6000.0,738750000.0,INDUS,PKG
2S,,3.02,3.0,3.08,3.0,3.04,0.02,0.6622516556291391,109025.0,1660987781.08,INDUS,STEEL
AMC,,2.88,2.88,2.88,2.86,2.88,0.0,0.0,49222.0,1382677277.76,INDUS,STEEL
BSBM,,0.97,0.96,0.96,0.95,0.96,-0.01,-1.0309278350515463,571101.0,1087539750.0,INDUS,STEEL
CEN,,2.8,2.8,2.8,2.76,2.76,-0.04,-1.4285714285714286,2600.0,2086453401.2,INDUS,STEEL
CITY,,2.08,2.08,2.08,2.06,2.08,0.0,0.0,16000.0,624000000.0,INDUS,STEEL
CSP,,1.36,1.37,1.38,1.36,1.37,0.01,0.7352941176470589,69640.0,674789603.36,INDUS,STEEL
GJS,,0.34,0.34,0.35,0.34,0.35,0.01,2.9411764705882355,4672232.0,8665625864.64,INDUS,STEEL
GSTEEL,"SP, NC",0.09,,,,,,,,,INDUS,STEEL
INOX,,1.01,1.01,1.02,1.0,1.01,0.0,0.0,2061000.0,7873666191.0,INDUS,STEEL
LHK,,4.9,4.88,4.92,4.88,4.92,0.02,0.40816326530612246,246817.0,1876700000.0,INDUS,STEEL
MCS,,8.95,8.95,9.0,8.9,8.95,0.0,0.0,505700.0,4269150000.0,INDUS,STEEL
MILL,,0.78,0.78,0.79,0.77,0.78,0.0,0.0,941765.0,4332662853.48,INDUS,STEEL
PAP,,3.74,3.74,3.76,3.72,3.72,-0.02,-0.5347593582887701,194850.0,2468400000.0,INDUS,STEEL
PERM,,1.15,1.16,1.16,1.13,1.13,-0.02,-1.7391304347826086,641500.0,881657501.55,INDUS,STEEL
SAM,,0.75,0.75,0.75,0.74,0.75,0.0,0.0,184525.0,783843819.75,INDUS,STEEL
SMIT,,4.94,4.94,4.98,4.92,4.96,0.02,0.4048582995951417,257164.0,2618200000.0,INDUS,STEEL
SSSC,,3.04,3.06,3.06,3.02,3.06,0.02,0.6578947368421053,48215.0,1945593555.2,INDUS,STEEL
TGPRO,,0.25,0.25,0.25,0.24,0.25,0.0,0.0,720137.0,1179864266.5,INDUS,STEEL
THE,,1.5,1.5,1.51,1.48,1.51,0.01,0.6666666666666666,155906.0,1653092077.5,INDUS,STEEL
TMT,,7.9,7.95,7.95,7.8,7.8,-0.1,-1.2658227848101267,200299.0,6878988468.6,INDUS,STEEL
TSTH,,1.1,1.11,1.11,1.09,1.11,0.01,0.9090909090909091,5536451.0,9263694932.8,INDUS,STEEL
TWP,,3.06,3.1,3.12,3.08,3.12,0.06,1.9607843137254901,25520.0,826200000.0,INDUS,STEEL
TYCN,,2.82,2.8,2.8,2.8,2.8,-0.02,-0.7092198581560284,100.0,1682831898.0,INDUS,STEEL
CCP,,0.4,0.4,0.41,0.4,0.4,0.0,0.0,484767.0,1107212072.4,PROPCON,CONMAT
COTTO,,2.08,2.08,2.1,2.06,2.06,-0.02,-0.9615384615384616,1678371.0,12402252164.64,PROPCON,CONMAT
DCC,,2.82,2.82,2.84,2.8,2.82,0.0,0.0,6955178.0,25734223770.12,PROPCON,CONMAT
DCON,,0.41,0.41,0.41,0.4,0.41,0.0,0.0,635241.0,2208399562.36,PROPCON,CONMAT
DRT,,8.05,8.05,8.05,7.95,8.05,0.0,0.0,246486.0,6883016455.0,PROPCON,CONMAT
EPG,,9.85,9.85,9.9,9.85,9.9,0.05,0.5076142131979695,593037.0,27580000000.0,PROPCON,CONMAT
GEL,,0.26,0.26,0.27,0.26,0.26,0.0,0.0,6929101.0,1830222273.1,PROPCON,CONMAT
PPP,,2.04,2.08,2.12,2.06,2.08,0.04,1.9607843137254901,228200.0,612000000.0,PROPCON,CONMAT
Q-CON,,10.5,10.4,11.0,10.2,10.4,-0.1,-0.9523809523809523,3512246.0,4200000000.0,PROPCON,CONMAT
SCC,,344.0,342.0,344.0,341.0,342.0,-2.0,-0.5813953488372093,2037787.0,412800000000.0,PROPCON,CONMAT
SCCC,,153.0,153.5,154.5,153.0,153.5,0.5,0.32679738562091504,108311.0,45594000000.0,PROPCON,CONMAT
SCP,,5.0,5.0,5.05,4.98,4.98,-0.02,-0.4,19640.0,1500000000.0,PROPCON,CONMAT
SKN,,4.88,4.92,4.94,4.76,4.86,-0.02,-0.4098360655737705,583926.0,3904000000.0,PROPCON,CONMAT
STECH,,2.04,2.04,2.06,2.02,2.04,0.0,0.0,99535.0,1479000000.0,PROPCON,CONMAT
TASCO,,16.8,16.8,17.0,16.7,16.9,0.1,0.5952380952380952,5099350.0,26516474376.0,PROPCON,CONMAT
TOA,,32.75,33.0,33.75,32.5,33.75,1.0,3.053435114503817,788019.0,66449750000.0,PROPCON,CONMAT
TPIPL,,1.81,1.82,1.84,1.8,1.82,0.01,0.5524861878453039,17037706.0,34272775350.0,PROPCON,CONMAT
UMI,,1.5,1.52,1.52,1.5,1.51,0.01,0.6666666666666666,211926.0,1254757111.5,PROPCON,CONMAT
VNG,,5.65,5.7,5.8,5.65,5.7,0.05,0.8849557522123894,198403.0,9804091762.0,PROPCON,CONMAT
WIIK,,1.8,1.82,1.82,1.79,1.79,-0.01,-0.5555555555555556,128717.0,1507829511.6,PROPCON,CONMAT
A,,4.98,4.98,4.98,4.94,4.98,0.0,0.0,4800.0,4880400000.0,PROPCON,PROP
AMATA,,21.5,21.4,21.5,21.1,21.3,-0.2,-0.9302325581395349,6380436.0,24725000000.0,PROPCON,PROP
AMATAV,,7.1,7.1,7.2,7.1,7.2,0.1,1.408450704225352,54700.0,6638500000.0,PROPCON,PROP
ANAN,,1.48,1.49,1.52,1.45,1.45,-0.03,-2.027027027027027,28161053.0,6166050084.36,PROPCON,PROP
AP,,11.7,11.8,11.8,11.5,11.6,-0.1,-0.8547008547008547,17215340.0,36807024091.5,PROPCON,PROP
APEX,"SP, NP, NC",0.04,,,,,,,,,PROPCON,PROP
AQ,C,0.02,0.02,0.03,0.02,0.02,0.0,0.0,38737127.0,1873672544.56,PROPCON,PROP
ASW,,8.25,8.3,8.35,8.15,8.3,0.05,0.6060606060606061,2326607.0,7062999231.75,PROPCON,PROP
AWC,,6.4,6.4,6.4,6.3,6.3,-0.1,-1.5625,46446323.0,204804932480.0,PROPCON,PROP
BLAND,,1.04,1.04,1.05,1.04,1.04,0.0,0.0,7967566.0,18069377096.16,PROPCON,PROP
BRI,,11.8,12.0,12.2,11.7,12.1,0.3,2.542372881355932,8221421.0,10063101360.0,PROPCON,PROP
BROCK,,1.58,1.63,1.7,1.6,1.7,0.12,7.594936708860759,70500.0,1619500285.98,PROPCON,PROP
CGD,,0.44,0.44,0.44,0.43,0.44,0.0,0.0,1490236.0,3637096547.48,PROPCON,PROP
CI,,0.86,0.87,0.87,0.83,0.83,-0.03,-3.488372093023256,1557625.0,917272443.9,PROPCON,PROP
CMC,,1.41,1.41,1.42,1.4,1.41,0.0,0.0,120215.0,1450284538.95,PROPCON,PROP
CPN,,72.5,72.5,72.5,71.0,71.0,-1.5,-2.0689655172413794,9225030.0,325380000000.0,PROPCON,PROP
ESTAR,,0.34,0.34,0.35,0.34,0.34,0.0,0.0,1464202.0,1707563702.9,PROPCON,PROP
EVER,,0.26,0.25,0.27,0.25,0.27,0.01,3.8461538461538463,2988300.0,1262243981.96,PROPCON,PROP
FPT,,15.0,15.0,15.3,14.9,15.3,0.3,2.0,37387.0,34789161285.0,PROPCON,PROP
GLAND,,2.16,2.16,2.24,2.16,2.16,0.0,0.0,27400.0,14039632067.76,PROPCON,PROP
J,,3.8,3.82,3.94,3.82,3.84,0.04,1.0526315789473684,2840224.0,4333470881.2,PROPCON,PROP
JCK,,0.31,0.31,0.32,0.3,0.31,0.0,0.0,6725621.0,1021399168.06,PROPCON,PROP
KC,C,0.21,0.21,0.21,0.19,0.21,0.0,0.0,40261400.0,758842569.24,PROPCON,PROP
LALIN,,9.1,9.2,9.2,9.05,9.1,0.0,0.0,386326.0,8417494913.1,PROPCON,PROP
LH,,10.1,10.1,10.1,9.85,9.9,-0.2,-1.9801980198019802,64970180.0,120692103077.6,PROPCON,PROP
LPN,,4.6,4.62,4.7,4.6,4.62,0.02,0.43478260869565216,5656976.0,6689314332.8,PROPCON,PROP
MBK,,18.0,18.0,18.0,17.6,17.7,-0.3,-1.6666666666666667,2165759.0,34120771632.0,PROPCON,PROP
MJD,,1.66,1.64,1.66,1.64,1.66,0.0,0.0,230208.0,1428283818.74,PROPCON,PROP
MK,,2.78,2.8,2.84,2.78,2.78,0.0,0.0,73400.0,3033550083.48,PROPCON,PROP
NCH,,1.53,1.53,1.55,1.53,1.54,0.01,0.6535947712418301,2239061.0,1905284047.23,PROPCON,PROP
NNCL,,2.04,2.04,2.06,2.02,2.04,0.0,0.0,526320.0,4178439918.48,PROPCON,PROP
NOBLE,,5.55,5.55,5.6,5.45,5.55,0.0,0.0,4028579.0,7600245063.75,PROPCON,PROP
NUSA,,1.2,1.2,1.22,1.17,1.18,-0.02,-1.6666666666666667,39078827.0,13974856635.6,PROPCON,PROP
NVD,,2.0,2.0,2.0,1.99,2.0,0.0,0.0,395449.0,3106348508.0,PROPCON,PROP
ORI,,12.0,12.0,12.1,11.8,12.1,0.1,0.8333333333333334,9483707.0,29449469436.0,PROPCON,PROP
PACE,"SP, NP, NC",0.03,,,,,,,,,PROPCON,PROP
PEACE,,5.3,5.25,5.35,5.15,5.2,-0.1,-1.8867924528301887,1052090.0,2671187666.9,PROPCON,PROP
PF,,0.41,0.4,0.41,0.4,0.41,0.0,0.0,5789970.0,4104543047.64,PROPCON,PROP
PIN,,3.42,3.42,3.44,3.42,3.42,0.0,0.0,105101.0,3967200000.0,PROPCON,PROP
PLAT,,3.52,3.56,3.66,3.52,3.66,0.14,3.977272727272727,3506501.0,9856000000.0,PROPCON,PROP
POLAR,"SP, NP, NC",0.09,,,,,,,,,PROPCON,PROP
PRECHA,,1.27,1.28,1.29,1.26,1.26,-0.01,-0.7874015748031497,97701.0,426720000.0,PROPCON,PROP
PRIN,,3.1,3.1,3.1,2.96,3.08,-0.02,-0.6451612903225806,331705.0,3782036440.5,PROPCON,PROP
PSH,,13.2,13.2,13.4,13.1,13.2,0.0,0.0,3079802.0,28888264970.4,PROPCON,PROP
QH,,2.3,2.28,2.32,2.28,2.3,0.0,0.0,13922682.0,24643077783.5,PROPCON,PROP
RABBIT,,1.32,1.32,1.34,1.31,1.32,0.0,0.0,16735137.0,7410107184.48,PROPCON,PROP
RICHY,,0.77,0.77,0.83,0.77,0.8,0.03,3.896103896103896,3644272.0,1215824732.43,PROPCON,PROP
RML,,0.78,0.78,0.78,0.75,0.76,-0.02,-2.5641025641025643,2785520.0,3254537619.06,PROPCON,PROP
ROJNA,,6.3,6.3,6.4,6.25,6.25,-0.05,-0.7936507936507936,2936222.0,12728909736.9,PROPCON,PROP
S,,1.84,1.85,1.87,1.84,1.85,0.01,0.5434782608695652,2754428.0,12610843686.8,PROPCON,PROP
SA,,8.25,8.3,8.3,8.25,8.3,0.05,0.6060606060606061,68601.0,9781576942.5,PROPCON,PROP
SAMCO,,1.41,1.41,1.44,1.41,1.42,0.01,0.7092198581560284,110410.0,904938628.86,PROPCON,PROP
SC,,4.3,4.3,4.3,4.16,4.22,-0.08,-1.8604651162790697,19080832.0,18157250945.7,PROPCON,PROP
SENA,,3.94,3.94,3.96,3.92,3.94,0.0,0.0,1103705.0,5681602013.92,PROPCON,PROP
SIRI,,1.77,1.78,1.79,1.76,1.76,-0.01,-0.5649717514124294,163702860.0,26413933535.07,PROPCON,PROP
SPALI,,24.8,24.8,24.8,24.3,24.3,-0.5,-2.0161290322580645,8016762.0,48435739944.0,PROPCON,PROP
UV,,2.92,2.9,2.94,2.9,2.94,0.02,0.684931506849315,318610.0,5582825488.04,PROPCON,PROP
WHA,,4.12,4.12,4.14,4.06,4.08,-0.04,-0.970873786407767,187286355.0,61580958877.48,PROPCON,PROP
WIN,,1.04,1.04,1.09,1.04,1.06,0.02,1.9230769230769231,1144816.0,583589780.8,PROPCON,PROP
AIMCG,,5.2,5.25,5.25,5.2,5.2,0.0,0.0,121214.0,1497600000.0,PROPCON,PF&REIT
AIMIRT,,12.0,12.0,12.1,12.0,12.1,0.1,0.8333333333333334,60000.0,7145769228.0,PROPCON,PF&REIT
ALLY,,7.25,7.25,7.25,7.15,7.25,0.0,0.0,345764.0,6337225000.0,PROPCON,PF&REIT
AMATAR,,6.65,6.65,6.7,6.65,6.65,0.0,0.0,40800.0,2379968500.0,PROPCON,PF&REIT
B-WORK,,9.9,9.9,9.95,9.9,9.9,0.0,0.0,16400.0,3651120000.0,PROPCON,PF&REIT
BAREIT,,10.5,10.5,10.5,10.4,10.5,0.0,0.0,514500.0,10846500000.0,PROPCON,PF&REIT
BKKCP,,10.3,10.4,10.4,10.3,10.3,0.0,0.0,600.0,1030000000.0,PROPCON,PF&REIT
BOFFICE,,8.1,8.05,8.05,7.95,7.95,-0.15,-1.8518518518518519,55000.0,5976763799.4,PROPCON,PF&REIT
CPNCG,,11.6,11.6,11.6,11.5,11.6,0.0,0.0,70011.0,4949012400.0,PROPCON,PF&REIT
CPNREIT,,19.4,19.5,19.6,19.4,19.5,0.1,0.5154639175257731,764312.0,49819859600.0,PROPCON,PF&REIT
CPTGF,,7.35,7.35,7.4,7.35,7.4,0.05,0.6802721088435374,91319.0,7107450000.0,PROPCON,PF&REIT
CTARAF,,5.25,5.2,5.25,5.15,5.2,-0.05,-0.9523809523809523,242400.0,1680000000.0,PROPCON,PF&REIT
DREIT,,6.25,6.2,6.2,6.15,6.15,-0.1,-1.6,12700.0,4446875000.0,PROPCON,PF&REIT
ERWPF,,4.16,4.16,4.18,4.14,4.14,-0.02,-0.4807692307692308,106300.0,732576000.0,PROPCON,PF&REIT
FTREIT,,10.3,10.3,10.4,10.3,10.3,0.0,0.0,35100.0,31552886594.4,PROPCON,PF&REIT
FUTUREPF,,14.7,14.7,14.8,14.6,14.8,0.1,0.6802721088435374,200415.0,7784621670.0,PROPCON,PF&REIT
GAHREIT,,8.5,8.5,8.5,8.45,8.5,0.0,0.0,17101.0,1491750000.0,PROPCON,PF&REIT
GROREIT,,9.75,9.75,9.8,9.75,9.8,0.05,0.5128205128205128,40000.0,3071250000.0,PROPCON,PF&REIT
GVREIT,,9.1,9.1,9.15,9.05,9.1,0.0,0.0,534645.0,7414680000.0,PROPCON,PF&REIT
HPF,,4.7,4.74,4.74,4.7,4.7,0.0,0.0,15000.0,2209000000.0,PROPCON,PF&REIT
HYDROGEN,,10.1,10.1,10.1,10.0,10.0,-0.1,-0.9900990099009901,348400.0,2097972000.0,PROPCON,PF&REIT
IMPACT,,12.4,12.4,12.5,12.3,12.4,0.0,0.0,241384.0,18383000000.0,PROPCON,PF&REIT
INETREIT,,11.4,11.4,11.4,11.4,11.4,0.0,0.0,9400.0,3762000000.0,PROPCON,PF&REIT
KPNPF,,5.0,,,,,,,,900000000.0,PROPCON,PF&REIT
KTBSTMR,,8.95,8.9,8.95,8.9,8.95,0.0,0.0,14700.0,2698425000.0,PROPCON,PF&REIT
LHHOTEL,,12.5,12.5,12.5,12.0,12.2,-0.3,-2.4,663381.0,6723998750.0,PROPCON,PF&REIT
LHPF,,6.15,6.15,6.15,6.15,6.15,0.0,0.0,5103.0,2029500000.0,PROPCON,PF&REIT
LHSC,,11.2,11.1,11.2,11.1,11.2,0.0,0.0,74501.0,5466324640.0,PROPCON,PF&REIT
LPF,,12.6,12.7,12.7,12.6,12.7,0.1,0.7936507936507936,367869.0,29449764892.8,PROPCON,PF&REIT
LUXF,,7.75,7.6,7.75,7.55,7.75,0.0,0.0,10304.0,1522875000.0,PROPCON,PF&REIT
M-II,,7.3,7.3,7.3,7.25,7.3,0.0,0.0,7000.0,1255600000.0,PROPCON,PF&REIT
M-PAT,,4.0,,,,,,,,420000000.0,PROPCON,PF&REIT
M-STOR,,6.05,5.6,5.6,5.6,5.6,-0.45,-7.43801652892562,10000.0,367840000.0,PROPCON,PF&REIT
MIPF,,14.4,14.1,14.1,14.1,14.1,-0.3,-2.0833333333333335,700.0,2736000000.0,PROPCON,PF&REIT
MIT,,1.83,1.83,1.84,1.83,1.83,0.0,0.0,2200.0,178425000.0,PROPCON,PF&REIT
MJLF,,5.75,5.8,5.8,5.8,5.8,0.05,0.8695652173913043,22746.0,1897500000.0,PROPCON,PF&REIT
MNIT,,1.72,1.72,1.76,1.72,1.76,0.04,2.3255813953488373,10600.0,237360000.0,PROPCON,PF&REIT
MNIT2,,4.98,4.98,4.98,4.98,4.98,0.0,0.0,3000.0,500340600.0,PROPCON,PF&REIT
MNRF,,2.84,2.86,2.86,2.84,2.86,0.02,0.704225352112676,1500.0,305300000.0,PROPCON,PF&REIT
POPF,,11.4,11.3,11.5,11.3,11.5,0.1,0.8771929824561403,233910.0,5490680040.0,PROPCON,PF&REIT
PPF,,11.3,11.4,11.4,11.4,11.4,0.1,0.8849557522123894,200.0,2536963000.0,PROPCON,PF&REIT
PROSPECT,,9.7,9.7,9.75,9.65,9.75,0.05,0.5154639175257731,129500.0,2376500000.0,PROPCON,PF&REIT
QHHR,,5.9,5.9,6.0,5.9,6.0,0.1,1.694915254237288,140501.0,1982400000.0,PROPCON,PF&REIT
QHOP,,2.74,2.76,2.9,2.7,2.8,0.06,2.18978102189781,158667.0,524162000.0,PROPCON,PF&REIT
QHPF,,9.4,9.45,9.45,9.4,9.45,0.05,0.5319148936170213,97306.0,7491800000.0,PROPCON,PF&REIT
SHREIT,NP,3.28,3.3,3.3,3.3,3.3,0.02,0.6097560975609756,100000.0,1157304376.0,PROPCON,PF&REIT
SIRIP,,7.6,8.95,8.95,8.8,8.85,1.25,16.44736842105263,900.0,1292000000.0,PROPCON,PF&REIT
SPRIME,,6.9,6.95,6.95,6.9,6.95,0.05,0.7246376811594203,44471.0,3082575000.0,PROPCON,PF&REIT
SRIPANWA,,7.75,7.8,7.8,7.65,7.7,-0.05,-0.6451612903225806,6900.0,2162746000.0,PROPCON,PF&REIT
SSPF,,7.15,,,,,,,,1194050000.0,PROPCON,PF&REIT
SSTRT,,5.75,5.75,5.8,5.7,5.7,-0.05,-0.8695652173913043,234333.0,898437500.0,PROPCON,PF&REIT
TIF1,,9.1,9.1,9.1,9.0,9.0,-0.1,-1.098901098901099,100600.0,819000000.0,PROPCON,PF&REIT
TLHPF,,7.65,7.65,7.7,7.65,7.7,0.05,0.6535947712418301,4500.0,1315800000.0,PROPCON,PF&REIT
TNPF,,1.81,1.84,1.85,1.81,1.81,0.0,0.0,700.0,265045540.0,PROPCON,PF&REIT
TPRIME,,8.75,8.75,8.75,8.65,8.65,-0.1,-1.1428571428571428,6100.0,4790625000.0,PROPCON,PF&REIT
TTLPF,,22.8,22.8,22.8,22.8,22.8,0.0,0.0,100.0,4104000000.0,PROPCON,PF&REIT
TU-PF,,0.91,0.96,1.15,0.96,0.97,0.06,6.593406593406593,7900.0,94849118.0,PROPCON,PF&REIT
URBNPF,,2.02,2.02,2.22,2.02,2.22,0.2,9.900990099009901,200.0,145440000.0,PROPCON,PF&REIT
WHABT,,8.55,8.5,8.6,8.5,8.6,0.05,0.5847953216374269,31600.0,1727100000.0,PROPCON,PF&REIT
WHAIR,,7.6,7.55,7.55,7.4,7.45,-0.15,-1.9736842105263157,905123.0,6385019281.6,PROPCON,PF&REIT
WHART,,10.7,10.6,10.7,10.6,10.7,0.0,0.0,1040854.0,35020334318.7,PROPCON,PF&REIT
APCS,,4.88,4.88,4.9,4.82,4.9,0.02,0.4098360655737705,10700.0,3220799326.56,PROPCON,CONS
BJCHI,,1.74,1.74,1.75,1.73,1.74,0.0,0.0,917810.0,2783460600.0,PROPCON,CONS
BKD,,2.36,2.32,2.36,2.28,2.36,0.0,0.0,369101.0,2539857091.52,PROPCON,CONS
CIVIL,,2.88,2.88,2.92,2.86,2.92,0.04,1.3888888888888888,637741.0,2016000000.0,PROPCON,CONS
CK,,24.2,24.0,24.3,24.0,24.3,0.1,0.4132231404958678,2423298.0,40992304302.4,PROPCON,CONS
CNT,,1.37,1.35,1.39,1.35,1.36,-0.01,-0.7299270072992701,113400.0,1408228677.28,PROPCON,CONS
EMC,C,0.14,0.14,0.14,0.13,0.13,-0.01,-7.142857142857143,5591800.0,1180729166.82,PROPCON,CONS
ITD,,1.91,1.92,1.94,1.9,1.91,0.0,0.0,8514423.0,10084549683.04,PROPCON,CONS
NWR,,0.75,0.75,0.76,0.74,0.76,0.01,1.3333333333333333,3960725.0,1939111136.25,PROPCON,CONS
PLE,,0.66,0.67,0.67,0.66,0.67,0.01,1.5151515151515151,20104.0,898799822.58,PROPCON,CONS
PREB,,8.5,8.5,8.6,8.45,8.55,0.05,0.5882352941176471,124120.0,2623749927.0,PROPCON,CONS
PYLON,,4.54,4.56,4.56,4.46,4.46,-0.08,-1.7621145374449338,180490.0,3404425217.84,PROPCON,CONS
RT,,1.4,1.41,1.43,1.38,1.39,-0.01,-0.7142857142857143,2232328.0,1542636200.0,PROPCON,CONS
SEAFCO,,3.72,3.74,3.74,3.7,3.72,0.0,0.0,428451.0,2751713417.76,PROPCON,CONS
SQ,,1.84,1.84,1.85,1.84,1.85,0.01,0.5434782608695652,195100.0,2114454400.0,PROPCON,CONS
SRICHA,,9.0,9.1,9.15,8.95,9.05,0.05,0.5555555555555556,130500.0,2788911000.0,PROPCON,CONS
STEC,,13.8,13.7,13.8,13.5,13.6,-0.2,-1.4492753623188406,12646213.0,21046470252.0,PROPCON,CONS
STI,,4.96,4.98,5.05,4.96,4.96,0.0,0.0,441700.0,2990865511.84,PROPCON,CONS
STPI,,4.16,4.18,4.2,4.12,4.16,0.0,0.0,1325211.0,6759298948.48,PROPCON,CONS
SYNTEC,,1.77,1.77,1.78,1.76,1.78,0.01,0.5649717514124294,1813902.0,2815994421.0,PROPCON,CONS
TEAMG,,12.9,13.1,13.7,12.8,13.0,0.1,0.7751937984496124,5612414.0,8772000000.0,PROPCON,CONS
TEKA,,2.92,2.96,2.96,2.9,2.92,0.0,0.0,575614.0,876000000.0,PROPCON,CONS
TPOLY,,1.33,1.32,1.39,1.32,1.35,0.02,1.5037593984962405,396301.0,761770113.72,PROPCON,CONS
TRC,C,0.29,0.29,0.3,0.28,0.29,0.0,0.0,17873863.0,2780272583.02,PROPCON,CONS
TRITN,,0.17,0.18,0.18,0.17,0.18,0.01,5.882352941176471,18469672.0,1891683828.78,PROPCON,CONS
TTCL,,4.52,4.52,4.54,4.5,4.52,0.0,0.0,621902.0,2784320194.36,PROPCON,CONS
UNIQ,,4.58,4.62,4.64,4.58,4.64,0.06,1.3100436681222707,296300.0,4951054438.74,PROPCON,CONS
WGE,,1.29,1.3,1.31,1.29,1.29,0.0,0.0,133803.0,774000000.0,PROPCON,CONS
7UP,,0.62,0.62,0.62,0.6,0.61,-0.01,-1.6129032258064515,8333376.0,3188704524.68,RESOURC,ENERG
ACC,,1.15,1.16,1.17,1.14,1.14,-0.01,-0.8695652173913043,3665015.0,1544513966.45,RESOURC,ENERG
ACE,,2.66,2.66,2.76,2.66,2.7,0.04,1.5037593984962405,40885244.0,27068159893.6,RESOURC,ENERG
AGE,,4.06,4.1,4.1,4.06,4.08,0.02,0.49261083743842365,1156621.0,4416269250.82,RESOURC,ENERG
AI,,5.9,5.9,6.05,5.9,6.0,0.1,1.694915254237288,272566.0,4129994223.9,RESOURC,ENERG
AIE,,2.72,2.72,2.92,2.7,2.84,0.12,4.411764705882353,6479562.0,3608388491.52,RESOURC,ENERG
AKR,,0.87,0.88,0.89,0.88,0.88,0.01,1.1494252873563218,868000.0,1280233584.72,RESOURC,ENERG
BAFS,,31.5,31.25,32.0,31.25,31.75,0.25,0.7936507936507936,1414346.0,20081128819.5,RESOURC,ENERG
BANPU,,13.7,13.7,13.8,13.6,13.7,0.0,0.0,49373887.0,115822011015.6,RESOURC,ENERG
BBGI,,6.15,6.15,6.25,6.0,6.1,-0.05,-0.8130081300813008,2816453.0,8892900000.0,RESOURC,ENERG
BCP,,31.0,31.5,32.25,31.25,31.5,0.5,1.6129032258064515,11969083.0,42684617867.0,RESOURC,ENERG
BCPG,,10.2,10.2,10.4,10.2,10.2,0.0,0.0,4314790.0,29658415152.0,RESOURC,ENERG
BGRIM,,40.75,40.75,40.75,39.75,39.75,-1.0,-2.4539877300613497,12081062.0,106231175000.0,RESOURC,ENERG
BPP,,16.4,16.5,16.7,16.4,16.4,0.0,0.0,2418049.0,49982799880.0,RESOURC,ENERG
BRRGIF,,4.84,4.84,4.84,4.82,4.84,0.0,0.0,28000.0,1694000000.0,RESOURC,ENERG
CKP,,4.58,4.58,4.66,4.56,4.56,-0.02,-0.4366812227074236,20163214.0,37232572898.82,RESOURC,ENERG
CV,,1.72,1.72,1.73,1.71,1.72,0.0,0.0,1204702.0,2201600000.0,RESOURC,ENERG
DEMCO,,5.9,6.0,6.0,5.8,5.9,0.0,0.0,1042907.0,4309031080.9,RESOURC,ENERG
EA,,97.5,97.5,98.5,96.5,97.0,-0.5,-0.5128205128205128,9535705.0,363675000000.0,RESOURC,ENERG
EASTW,,5.3,5.35,5.4,5.3,5.3,0.0,0.0,914385.0,8817743289.7,RESOURC,ENERG
EGATIF,,6.55,6.55,6.65,6.55,6.6,0.05,0.7633587786259542,273950.0,13660025000.0,RESOURC,ENERG
EGCO,,173.5,173.5,174.0,172.5,172.5,-1.0,-0.5763688760806917,826696.0,91341677500.0,RESOURC,ENERG
EP,,4.24,4.22,4.24,4.22,4.22,-0.02,-0.4716981132075472,153820.0,3953830091.28,RESOURC,ENERG
ESSO,,13.0,12.7,12.9,12.5,12.6,-0.4,-3.076923076923077,37895357.0,44991154000.0,RESOURC,ENERG
ETC,,3.94,3.94,4.0,3.9,3.92,-0.02,-0.5076142131979695,5030700.0,8825600000.0,RESOURC,ENERG
GPSC,,73.5,73.75,74.0,72.5,73.0,-0.5,-0.6802721088435374,6781842.0,207250108474.5,RESOURC,ENERG
GREEN,,1.14,1.14,1.22,1.14,1.17,0.03,2.6315789473684212,1196805.0,932548191.06,RESOURC,ENERG
GULF,,55.5,55.5,55.75,55.0,55.25,-0.25,-0.45045045045045046,21086192.0,651189824889.0,RESOURC,ENERG
GUNKUL,,5.25,5.25,5.35,5.2,5.25,0.0,0.0,33171943.0,46633287613.5,RESOURC,ENERG
IFEC,"SP, NP, NC",0.35,,,,,,,,,RESOURC,ENERG
IRPC,,3.02,3.02,3.04,3.0,3.02,0.0,0.0,188456068.0,61711946122.92,RESOURC,ENERG
JR,,7.15,7.15,7.2,7.15,7.2,0.05,0.6993006993006993,209000.0,5434000000.0,RESOURC,ENERG
KBSPIF,,11.3,11.3,11.3,11.2,11.3,0.0,0.0,22600.0,3164000000.0,RESOURC,ENERG
LANNA,,17.7,17.7,17.8,17.6,17.7,0.0,0.0,1093123.0,9292494318.3,RESOURC,ENERG
MDX,,4.38,4.42,4.42,4.4,4.4,0.02,0.45662100456621,18800.0,2083097961.96,RESOURC,ENERG
NOVA,,11.1,11.4,11.4,11.2,11.2,0.1,0.9009009009009009,9200.0,1886434166.4,RESOURC,ENERG
OR,,23.9,23.9,23.9,23.7,23.8,-0.1,-0.41841004184100417,14287014.0,286800000000.0,RESOURC,ENERG
PCC,,3.32,3.34,3.34,3.3,3.32,0.0,0.0,1288824.0,4072375412.0,RESOURC,ENERG
PRIME,,1.35,1.35,1.37,1.34,1.34,-0.01,-0.7407407407407407,189759.0,5743555445.25,RESOURC,ENERG
PTG,,14.4,14.4,14.6,14.4,14.5,0.1,0.6944444444444444,4375702.0,24048000000.0,RESOURC,ENERG
PTT,,32.75,33.0,33.5,32.75,33.25,0.5,1.5267175572519085,94406062.0,935438127187.5,RESOURC,ENERG
PTTEP,,176.0,177.0,179.5,176.5,176.5,0.5,0.2840909090909091,8887860.0,698717430400.0,RESOURC,ENERG
QTC,,4.7,4.76,4.76,4.74,4.74,0.04,0.851063829787234,15200.0,1603135017.9,RESOURC,ENERG
RATCH,,42.75,42.75,43.25,42.5,42.75,0.0,0.0,21227857.0,92981249358.75,RESOURC,ENERG
RPC,,0.94,0.95,0.96,0.94,0.96,0.02,2.127659574468085,342053.0,1226384277.5,RESOURC,ENERG
SCG,,4.88,4.88,4.98,4.84,4.84,-0.04,-0.819672131147541,43531.0,5678834781.76,RESOURC,ENERG
SCI,,1.36,1.36,1.38,1.35,1.35,-0.01,-0.7352941176470589,788300.0,1020000000.0,RESOURC,ENERG
SCN,,2.14,2.14,2.14,2.1,2.12,-0.02,-0.9345794392523364,514101.0,2568000000.0,RESOURC,ENERG
SGP,,9.9,9.9,10.0,9.9,9.95,0.05,0.5050505050505051,684127.0,18194843700.0,RESOURC,ENERG
SKE,,0.7,0.7,0.71,0.69,0.7,0.0,0.0,523200.0,781200000.0,RESOURC,ENERG
SOLAR,,0.88,0.88,0.92,0.88,0.9,0.02,2.272727272727273,1539351.0,957659530.08,RESOURC,ENERG
SPCG,,14.3,14.7,14.7,14.3,14.5,0.2,1.3986013986013985,1183032.0,15097797000.0,RESOURC,ENERG
SPRC,,10.9,10.9,11.0,10.7,10.7,-0.2,-1.834862385321101,20837786.0,47261333162.5,RESOURC,ENERG
SSP,,9.95,10.0,10.2,10.0,10.0,0.05,0.5025125628140703,2860667.0,12426881081.4,RESOURC,ENERG
SUPER,,0.66,0.66,0.67,0.65,0.66,0.0,0.0,47113997.0,18050652250.62,RESOURC,ENERG
SUPEREIF,,9.85,9.85,9.85,9.8,9.8,-0.05,-0.5076142131979695,162964.0,5072750000.0,RESOURC,ENERG
SUSCO,,4.26,4.34,4.36,4.02,4.02,-0.24,-5.633802816901408,44640610.0,4473000238.56,RESOURC,ENERG
TAE,,1.58,1.59,1.6,1.58,1.59,0.01,0.6329113924050633,142236.0,1580000000.0,RESOURC,ENERG
TCC,,0.92,0.93,0.94,0.91,0.92,0.0,0.0,2696817.0,1281305360.56,RESOURC,ENERG
TGE,,1.72,1.72,1.78,1.71,1.77,0.05,2.9069767441860463,7229949.0,3784000000.0,RESOURC,ENERG
TOP,,56.5,56.25,56.75,56.25,56.25,-0.25,-0.4424778761061947,5708042.0,126211709479.0,RESOURC,ENERG
TPIPP,,3.4,3.4,3.44,3.38,3.4,0.0,0.0,5555912.0,28560000000.0,RESOURC,ENERG
TSE,,2.34,2.34,2.38,2.34,2.34,0.0,0.0,1993503.0,4955456097.54,RESOURC,ENERG
TTW,,9.1,9.1,9.15,9.0,9.0,-0.1,-1.098901098901099,3381405.0,36309000000.0,RESOURC,ENERG
UBE,,1.44,1.45,1.47,1.44,1.45,0.01,0.6944444444444444,3281436.0,5636571840.0,RESOURC,ENERG
WHAUP,,4.12,4.12,4.14,4.1,4.1,-0.02,-0.4854368932038835,2890342.0,15759000000.0,RESOURC,ENERG
WP,,4.5,4.5,4.5,4.42,4.5,0.0,0.0,44228.0,2333250000.0,RESOURC,ENERG
THL,"SP, NC",0.46,,,,,,,,,RESOURC,MINE
B52,,2.28,2.28,2.28,2.2,2.22,-0.06,-2.6315789473684212,35900.0,1631770151.64,SERVICE,COMM
BEAUTY,,1.4,1.4,1.43,1.38,1.39,-0.01,-0.7142857142857143,24454857.0,4191870949.0,SERVICE,COMM
BIG,,0.73,0.73,0.73,0.72,0.73,0.0,0.0,1467516.0,2576081524.0,SERVICE,COMM
BJC,,35.0,35.25,35.5,35.0,35.25,0.25,0.7142857142857143,5123404.0,140272884465.0,SERVICE,COMM
COM7,,33.25,33.5,34.0,33.25,34.0,0.75,2.255639097744361,25576149.0,79799942311.25,SERVICE,COMM
CPALL,,68.25,68.25,68.75,68.0,68.25,0.0,0.0,19839871.0,613096667001.0,SERVICE,COMM
CPW,,3.88,3.88,3.96,3.86,3.96,0.08,2.0618556701030926,123315.0,2328000000.0,SERVICE,COMM
CRC,,47.0,47.0,47.25,46.25,46.25,-0.75,-1.5957446808510638,10822971.0,283457000000.0,SERVICE,COMM
CSS,,1.48,1.48,1.5,1.48,1.49,0.01,0.6756756756756757,956801.0,1740093851.72,SERVICE,COMM
DOHOME,,14.7,14.8,15.1,14.8,14.8,0.1,0.6802721088435374,11057433.0,42729082953.9,SERVICE,COMM
FN,,1.9,1.91,1.91,1.9,1.91,0.01,0.5263157894736842,4300.0,1900000000.0,SERVICE,COMM
FTE,,1.41,1.4,1.43,1.39,1.43,0.02,1.4184397163120568,207560.0,930599892.84,SERVICE,COMM
GLOBAL,,22.1,22.1,22.5,22.0,22.4,0.3,1.3574660633484164,13593635.0,106118381799.3,SERVICE,COMM
HMPRO,,15.8,15.7,15.7,15.5,15.5,-0.3,-1.8987341772151898,25159943.0,207788928795.0,SERVICE,COMM
ICC,,33.0,33.25,33.5,32.75,33.5,0.5,1.5151515151515151,1000.0,9590913090.0,SERVICE,COMM
ILM,,18.3,18.3,18.9,18.3,18.6,0.3,1.639344262295082,687234.0,9241500000.0,SERVICE,COMM
IT,,4.64,4.64,4.74,4.62,4.74,0.1,2.1551724137931036,149401.0,1700090705.76,SERVICE,COMM
KAMART,,8.05,8.1,8.15,7.95,7.95,-0.1,-1.2422360248447204,5053281.0,7083984028.8,SERVICE,COMM
LOXLEY,,2.12,2.12,2.28,2.1,2.14,0.02,0.9433962264150944,2420780.0,4801704430.4,SERVICE,COMM
MAKRO,,39.5,39.75,40.25,39.5,40.0,0.5,1.2658227848101267,10449620.0,417922778250.0,SERVICE,COMM
MC,,10.5,10.6,10.6,10.4,10.5,0.0,0.0,285883.0,8316000000.0,SERVICE,COMM
MEGA,,46.5,46.75,47.0,46.25,46.75,0.25,0.5376344086021505,1715358.0,40541932122.0,SERVICE,COMM
MIDA,,0.45,0.45,0.46,0.45,0.46,0.01,2.2222222222222223,247002.0,1126843059.15,SERVICE,COMM
MOSHI,,35.5,35.75,36.5,35.75,36.5,1.0,2.816901408450704,1039639.0,10650000000.0,SERVICE,COMM
RS,,16.0,16.0,16.2,16.0,16.0,0.0,0.0,770711.0,15559951136.0,SERVICE,COMM
RSP,,2.36,2.38,2.42,2.38,2.4,0.04,1.694915254237288,770200.0,1753480000.0,SERVICE,COMM
SABUY,,11.3,11.4,11.6,11.2,11.3,0.0,0.0,10744920.0,18147640082.4,SERVICE,COMM
SCM,,5.65,5.7,5.7,5.55,5.65,0.0,0.0,256503.0,3390000000.0,SERVICE,COMM
SINGER,,28.75,29.0,29.25,28.25,28.75,0.0,0.0,7336378.0,23640159316.25,SERVICE,COMM
SPC,,65.5,65.5,65.5,65.5,65.5,0.0,0.0,1001.0,21615000000.0,SERVICE,COMM
SPI,,71.0,71.0,80.0,71.0,71.0,0.0,0.0,17600.0,40604237286.0,SERVICE,COMM
SVT,,3.2,3.2,3.3,3.2,3.24,0.04,1.25,1967700.0,2240000000.0,SERVICE,COMM
AHC,,16.9,16.9,17.0,16.8,16.9,0.0,0.0,14000.0,2533466561.6,SERVICE,HELTH
BCH,,21.1,21.0,21.1,20.5,20.5,-0.6,-2.843601895734597,25899919.0,52618082462.4,SERVICE,HELTH
BDMS,,29.75,29.75,30.0,29.0,29.0,-0.75,-2.5210084033613445,67683341.0,472787056376.25,SERVICE,HELTH
BH,,216.0,216.0,216.0,212.0,212.0,-4.0,-1.8518518518518519,2481568.0,171695320272.0,SERVICE,HELTH
CHG,,3.7,3.66,3.72,3.66,3.68,-0.02,-0.5405405405405406,44225594.0,40700000000.0,SERVICE,HELTH
CMR,,2.72,2.72,2.76,2.72,2.72,0.0,0.0,563301.0,10942900000.0,SERVICE,HELTH
EKH,,8.55,8.65,8.65,8.5,8.5,-0.05,-0.5847953216374269,2396132.0,5770351694.25,SERVICE,HELTH
KDH,,93.25,92.5,92.75,92.0,92.75,-0.5,-0.5361930294906166,2600.0,1807579074.5,SERVICE,HELTH
LPH,,5.6,5.6,5.65,5.55,5.65,0.05,0.8928571428571429,190213.0,4032000000.0,SERVICE,HELTH
M-CHAI,,304.0,305.0,305.0,304.0,305.0,1.0,0.32894736842105265,5037.0,4864000000.0,SERVICE,HELTH
NEW,,121.0,118.0,120.0,108.5,118.0,-3.0,-2.479338842975207,700.0,1210000000.0,SERVICE,HELTH
NTV,,39.5,39.25,40.0,39.25,40.0,0.5,1.2658227848101267,19227.0,6320000000.0,SERVICE,HELTH
PR9,,17.3,17.2,17.3,16.9,16.9,-0.4,-2.3121387283236996,1016963.0,13602990000.0,SERVICE,HELTH
PRINC,,5.8,5.85,5.85,5.75,5.8,0.0,0.0,1136471.0,22089708911.6,SERVICE,HELTH
RAM,,54.0,53.75,54.25,53.75,53.75,-0.25,-0.46296296296296297,59177.0,64800000000.0,SERVICE,HELTH
RJH,,30.25,30.25,30.5,30.0,30.25,0.0,0.0,321994.0,9075000000.0,SERVICE,HELTH
RPH,,6.05,6.1,6.1,6.0,6.05,0.0,0.0,470099.0,3303300000.0,SERVICE,HELTH
SKR,,13.7,13.7,13.8,13.5,13.8,0.1,0.7299270072992701,283126.0,28281302491.3,SERVICE,HELTH
THG,,67.5,67.5,68.5,67.5,68.5,1.0,1.4814814814814814,3069924.0,57204049500.0,SERVICE,HELTH
VIBHA,,2.68,2.7,2.74,2.68,2.72,0.04,1.492537313432836,5121774.0,36383710750.32,SERVICE,HELTH
VIH,,9.0,8.95,9.0,8.95,8.95,-0.05,-0.5555555555555556,74923.0,5135988897.0,SERVICE,HELTH
WPH,,4.04,4.04,4.08,4.0,4.02,-0.02,-0.49504950495049505,553118.0,2424000000.0,SERVICE,HELTH
AMARIN,,6.1,6.15,6.25,6.15,6.25,0.15,2.459016393442623,36648.0,6089517699.0,SERVICE,MEDIA
AQUA,,0.64,0.64,0.65,0.64,0.64,0.0,0.0,24261632.0,3783972174.08,SERVICE,MEDIA
AS,,16.8,16.7,17.5,16.7,17.4,0.6,3.5714285714285716,8621205.0,7909253116.8,SERVICE,MEDIA
BEC,,10.2,10.2,10.3,10.1,10.1,-0.1,-0.9803921568627451,2994386.0,20400000000.0,SERVICE,MEDIA
FE,,170.0,,,,,,,,1337900000.0,SERVICE,MEDIA
GPI,,1.71,1.72,1.79,1.71,1.72,0.01,0.5847953216374269,594615.0,1026000000.0,SERVICE,MEDIA
GRAMMY,,10.1,10.0,10.2,10.0,10.2,0.1,0.9900990099009901,21126.0,8281492262.9,SERVICE,MEDIA
JKN,,4.08,4.08,4.1,4.06,4.08,0.0,0.0,2164716.0,2960060681.52,SERVICE,MEDIA
MACO,,0.5,0.5,0.51,0.49,0.51,0.01,2.0,8818655.0,4058986060.5,SERVICE,MEDIA
MAJOR,,18.1,18.1,18.3,18.0,18.2,0.1,0.5524861878453039,4972828.0,16193481786.2,SERVICE,MEDIA
MATCH,,1.97,1.97,1.97,1.96,1.96,-0.01,-0.5076142131979695,20200.0,1539808604.01,SERVICE,MEDIA
MATI,,8.3,8.5,8.5,8.05,8.05,-0.25,-3.0120481927710845,705.0,1538398360.0,SERVICE,MEDIA
MCOT,,4.76,4.76,4.76,4.72,4.76,0.0,0.0,10911.0,3270592239.6,SERVICE,MEDIA
MONO,,1.51,1.51,1.52,1.49,1.49,-0.02,-1.3245033112582782,2875521.0,5241291597.38,SERVICE,MEDIA
MPIC,,1.48,1.48,1.49,1.45,1.47,-0.01,-0.6756756756756757,95203.0,1924176380.48,SERVICE,MEDIA
NATION,C,0.11,0.12,0.12,0.11,0.12,0.01,9.090909090909092,4881412.0,447476739.82,SERVICE,MEDIA
ONEE,,8.1,8.15,8.15,7.95,7.95,-0.15,-1.8518518518518519,7669623.0,19288125000.0,SERVICE,MEDIA
PLANB,XD,7.55,7.5,7.6,7.4,7.6,0.05,0.6622516556291391,10208234.0,32309045448.4,SERVICE,MEDIA
POST,"SP, NC",1.1,,,,,,,,,SERVICE,MEDIA
PRAKIT,,12.5,12.4,12.6,12.4,12.5,0.0,0.0,50645.0,755628275.0,SERVICE,MEDIA
PTECH,,21.2,21.4,21.7,21.4,21.7,0.5,2.358490566037736,900.0,5191267404.8,SERVICE,MEDIA
SE-ED,,2.26,2.46,2.46,2.24,2.24,-0.02,-0.8849557522123894,3300.0,885794384.68,SERVICE,MEDIA
TKS,,12.4,12.4,12.5,12.2,12.4,0.0,0.0,4560870.0,6304760643.6,SERVICE,MEDIA
VGI,,4.34,4.34,4.4,4.28,4.4,0.06,1.3824884792626728,17939641.0,48584208840.44,SERVICE,MEDIA
WAVE,C,0.12,0.13,0.13,0.12,0.13,0.01,8.333333333333334,5631293.0,1036544856.48,SERVICE,MEDIA
WORK,,18.3,18.3,18.3,18.2,18.2,-0.1,-0.546448087431694,88331.0,8080556875.5,SERVICE,MEDIA
BWG,,0.73,0.73,0.74,0.73,0.73,0.0,0.0,4747900.0,3322316797.0,SERVICE,PROF
GENCO,,0.6,0.6,0.63,0.6,0.6,0.0,0.0,480239.0,673378575.0,SERVICE,PROF
PRO,"SP, NC",0.35,,,,,,,,,SERVICE,PROF
SISB,,19.3,19.3,19.4,19.2,19.2,-0.1,-0.5181347150259067,1621941.0,18142000000.0,SERVICE,PROF
SO,,9.65,9.65,9.65,9.55,9.55,-0.1,-1.0362694300518134,74767.0,4307679104.05,SERVICE,PROF
ASIA,,7.55,7.6,7.65,7.5,7.55,0.0,0.0,11600.0,2416000000.0,SERVICE,TOURISM
BEYOND,,12.2,12.2,12.3,12.0,12.3,0.1,0.819672131147541,69894.0,3524196968.8,SERVICE,TOURISM
CENTEL,,50.25,50.5,51.0,50.0,50.25,0.0,0.0,12046184.0,67837500000.0,SERVICE,TOURISM
CSR,,66.5,66.25,66.5,65.75,66.0,-0.5,-0.7518796992481203,500.0,1363250000.0,SERVICE,TOURISM
DUSIT,,11.3,11.4,11.4,11.1,11.1,-0.2,-1.7699115044247788,175343.0,9605000000.0,SERVICE,TOURISM
ERW,,4.52,4.52,4.52,4.44,4.48,-0.04,-0.8849557522123894,16900465.0,20482649993.16,SERVICE,TOURISM
GRAND,,0.23,0.23,0.24,0.23,0.23,0.0,0.0,5219400.0,2148457605.29,SERVICE,TOURISM
LRH,,36.0,37.0,37.0,36.25,37.0,1.0,2.7777777777777777,32750.0,6000577236.0,SERVICE,TOURISM
MANRIN,,25.0,25.5,25.5,25.5,25.5,0.5,2.0,200.0,672639500.0,SERVICE,TOURISM
OHTL,,478.0,468.0,476.0,468.0,476.0,-2.0,-0.41841004184100417,202.0,7216748400.0,SERVICE,TOURISM
ROH,,3.48,3.5,3.52,3.46,3.48,0.0,0.0,425500.0,3267431970.84,SERVICE,TOURISM
SHANG,,56.0,55.0,57.0,54.5,55.5,-0.5,-0.8928571428571429,26240.0,7280000000.0,SERVICE,TOURISM
SHR,,4.08,4.1,4.12,4.06,4.08,0.0,0.0,6602221.0,14662051200.0,SERVICE,TOURISM
VRANDA,,7.4,7.4,7.5,7.4,7.5,0.1,1.3513513513513513,647005.0,2365644372.8,SERVICE,TOURISM
AAV,,3.06,3.06,3.08,3.04,3.06,0.0,0.0,36260845.0,37222714281.78,SERVICE,TRANS
AOT,,76.25,76.0,76.5,75.0,75.0,-1.25,-1.639344262295082,38724794.0,1089284625000.0,SERVICE,TRANS
ASIMAR,,1.8,1.8,1.8,1.79,1.8,0.0,0.0,116817.0,464923956.6,SERVICE,TRANS
B,,0.4,0.4,0.42,0.4,0.4,0.0,0.0,9459473.0,1384103679.6,SERVICE,TRANS
BA,,13.6,13.8,13.8,13.2,13.4,-0.2,-1.4705882352941178,3486731.0,28560000000.0,SERVICE,TRANS
BEM,,9.7,9.7,9.85,9.6,9.8,0.1,1.0309278350515463,70097096.0,148264500000.0,SERVICE,TRANS
BIOTEC,,0.93,0.93,0.96,0.92,0.93,0.0,0.0,39884835.0,2839524626.91,SERVICE,TRANS
BTS,,8.5,8.5,8.55,8.4,8.4,-0.1,-1.1764705882352942,24556937.0,111924926927.0,SERVICE,TRANS
BTSGIF,,3.82,3.82,3.84,3.8,3.82,0.0,0.0,1897022.0,22110160000.0,SERVICE,TRANS
DMT,,11.0,11.1,11.2,10.8,10.9,-0.1,-0.9090909090909091,1147597.0,12993560800.0,SERVICE,TRANS
III,,13.1,13.2,13.2,13.0,13.2,0.1,0.7633587786259542,801246.0,9072174230.4,SERVICE,TRANS
JWD,XD,21.2,21.1,21.1,20.6,20.8,-0.4,-1.8867924528301887,4196233.0,21623998791.6,SERVICE,TRANS
KEX,,18.5,18.5,18.6,18.4,18.4,-0.1,-0.5405405405405406,2171082.0,32237674500.0,SERVICE,TRANS
KIAT,,0.47,0.48,0.48,0.47,0.48,0.01,2.127659574468085,206551.0,1452492079.6,SERVICE,TRANS
KWC,,242.0,244.0,245.0,244.0,245.0,3.0,1.2396694214876034,300.0,1452000000.0,SERVICE,TRANS
MENA,,1.65,1.64,1.71,1.62,1.71,0.06,3.6363636363636362,10259665.0,1211100000.0,SERVICE,TRANS
NOK,"SP, NP, NC",1.04,,,,,,,,,SERVICE,TRANS
NYT,,3.44,3.5,3.5,3.44,3.48,0.04,1.1627906976744187,434118.0,4265600000.0,SERVICE,TRANS
PORT,,2.16,2.16,2.18,2.14,2.16,0.0,0.0,49317.0,1311551853.12,SERVICE,TRANS
PRM,,7.05,7.05,7.2,7.0,7.15,0.1,1.4184397163120568,4078244.0,17625000000.0,SERVICE,TRANS
PSL,,16.4,16.4,16.5,16.0,16.1,-0.3,-1.829268292682927,8308084.0,25572386536.8,SERVICE,TRANS
RCL,,31.0,31.25,31.5,30.75,30.75,-0.25,-0.8064516129032258,2948494.0,25691250000.0,SERVICE,TRANS
TFFIF,,7.7,7.7,7.7,7.65,7.65,-0.05,-0.6493506493506493,418765.0,35189000000.0,SERVICE,TRANS
THAI,"SP, NP, NC",3.32,,,,,,,,,SERVICE,TRANS
TSTE,,7.1,7.15,7.2,7.15,7.2,0.1,1.408450704225352,28009.0,2721622985.1,SERVICE,TRANS
TTA,,8.25,8.25,8.4,8.2,8.2,-0.05,-0.6060606060606061,5633220.0,15035332653.0,SERVICE,TRANS
WICE,,10.2,10.3,10.5,10.2,10.3,0.1,0.9803921568627451,3933305.0,6649374900.0,SERVICE,TRANS
CCET,,2.32,2.32,2.36,2.32,2.32,0.0,0.0,1066053.0,12496319193.6,TECH,ETRON
DELTA,,722.0,726.0,876.0,718.0,830.0,108.0,14.958448753462603,23557640.0,900609525308.0,TECH,ETRON
HANA,,52.25,52.5,53.0,51.25,51.5,-0.75,-1.4354066985645932,13433000.0,42054920435.0,TECH,ETRON
KCE,,46.75,46.75,47.5,46.25,46.5,-0.25,-0.5347593582887701,22449277.0,55256891613.0,TECH,ETRON
METCO,,283.0,283.0,284.0,283.0,283.0,0.0,0.0,3779.0,5914162300.0,TECH,ETRON
NEX,,18.1,18.2,18.4,18.1,18.3,0.2,1.1049723756906078,2151262.0,30307590431.0,TECH,ETRON
SMT,,5.1,5.1,5.2,5.0,5.05,-0.05,-0.9803921568627451,3550817.0,4292727023.1,TECH,ETRON
SVI,,9.8,9.8,9.9,9.6,9.65,-0.15,-1.530612244897959,5029289.0,21101458254.8,TECH,ETRON
TEAM,,7.75,7.85,8.0,7.75,7.8,0.05,0.6451612903225806,16784157.0,4937241233.75,TECH,ETRON
ADVANC,,196.0,196.0,197.0,194.5,195.0,-1.0,-0.5102040816326531,6036469.0,582945108256.0,TECH,ICT
AIT,,6.5,6.5,6.85,6.45,6.8,0.3,4.615384615384615,11645377.0,8652314781.5,TECH,ICT
ALT,,2.3,2.3,2.34,2.28,2.32,0.02,0.8695652173913043,622401.0,2604123063.7,TECH,ICT
AMR,,4.06,4.04,4.08,4.04,4.06,0.0,0.0,55300.0,2436000000.0,TECH,ICT
BLISS,"SP, NP, NC",0.14,,,,,,,,,TECH,ICT
DIF,,13.2,13.3,13.3,13.2,13.2,0.0,0.0,5677086.0,140337829434.0,TECH,ICT
DTAC,,46.75,47.0,47.0,46.25,46.75,0.0,0.0,7781481.0,110695164250.0,TECH,ICT
DTCENT,,2.12,2.14,2.18,2.12,2.12,0.0,0.0,8271235.0,2554600000.0,TECH,ICT
FORTH,,33.25,33.25,33.5,32.25,32.25,-1.0,-3.007518796992481,1879256.0,31920000000.0,TECH,ICT
HUMAN,,11.0,11.0,11.1,11.0,11.1,0.1,0.9090909090909091,194739.0,9541879336.0,TECH,ICT
ILINK,,6.9,6.9,7.0,6.85,6.95,0.05,0.7246376811594203,1092319.0,3751063042.5,TECH,ICT
INET,,5.25,5.25,5.25,5.1,5.15,-0.1,-1.9047619047619047,1304489.0,2625218268.75,TECH,ICT
INSET,,3.18,3.2,3.24,3.2,3.2,0.02,0.6289308176100629,3095300.0,2385528868.98,TECH,ICT
INTUCH,,77.5,77.5,78.0,77.25,77.25,-0.25,-0.3225806451612903,5139876.0,248518295587.5,TECH,ICT
ITEL,,3.62,3.62,3.64,3.58,3.58,-0.04,-1.1049723756906078,3261883.0,4759314179.88,TECH,ICT
JAS,,2.18,2.18,2.22,2.18,2.2,0.02,0.9174311926605505,11524829.0,18732339034.78,TECH,ICT
JASIF,,8.05,8.05,8.1,8.0,8.05,0.0,0.0,4872314.0,64400000000.0,TECH,ICT
JMART,,41.5,41.25,41.75,40.75,40.75,-0.75,-1.8072289156626506,6010236.0,59218527961.5,TECH,ICT
JTS,,44.5,44.25,44.75,42.75,44.0,-0.5,-1.1235955056179776,1039427.0,31437349850.0,TECH,ICT
MFEC,,7.9,7.9,7.95,7.8,7.95,0.05,0.6329113924050633,381829.0,3487483084.5,TECH,ICT
MSC,,9.4,9.45,9.5,9.4,9.4,0.0,0.0,60604.0,3384000000.0,TECH,ICT
PT,,6.75,6.7,6.75,6.7,6.75,0.0,0.0,607861.0,1916250358.5,TECH,ICT
SAMART,,5.65,5.65,5.65,5.5,5.55,-0.1,-1.7699115044247788,3157300.0,5686748407.95,TECH,ICT
SAMTEL,,6.9,6.9,6.9,6.8,6.9,0.0,0.0,187901.0,4264200000.0,TECH,ICT
SDC,,0.16,0.16,0.19,0.15,0.19,0.03,18.75,83275778.0,2235978424.64,TECH,ICT
SIS,,25.5,25.5,26.75,25.5,26.0,0.5,1.9607843137254901,694434.0,8930065702.5,TECH,ICT
SKY,,11.2,11.2,13.5,11.2,12.7,1.5,13.392857142857142,21146027.0,6991785640.0,TECH,ICT
SVOA,,2.44,2.44,2.5,2.44,2.48,0.04,1.639344262295082,905825.0,1725080000.0,TECH,ICT
SYMC,,6.2,6.2,6.2,6.15,6.15,-0.05,-0.8064516129032258,80000.0,2688660299.4,TECH,ICT
SYNEX,,15.9,16.0,16.6,16.0,16.4,0.5,3.1446540880503147,4934430.0,13473043175.4,TECH,ICT
THCOM,,14.4,14.4,14.6,14.0,14.4,0.0,0.0,14558719.0,15783868137.6,TECH,ICT
TKC,,18.4,18.4,18.8,18.4,18.6,0.2,1.0869565217391304,146300.0,5520000000.0,TECH,ICT
TRUE,,4.88,4.86,4.88,4.84,4.84,-0.04,-0.819672131147541,37959010.0,162836793068.88,TECH,ICT
TWZ,,0.06,0.06,0.07,0.06,0.07,0.01,16.666666666666668,4812526.0,1191581853.3,TECH,ICT
